{"branches": 81.91489361702128, "coverage": 87.47461069735951}