{"branches": 81.30968622100954, "coverage": 90.38744482589505}