{"branches": 81.92771084337349, "coverage": 87.43497398959585}