{"branches": 82.9512893982808, "coverage": 91.27211238293444}