{"branches": 81.65517241379311, "coverage": 90.56952662721893}