{"branches": 81.45896656534954, "coverage": 87.3392010832769}