{"branches": 83.09248554913295, "coverage": 91.18268215417106}