{"branches": 80.3951367781155, "coverage": 87.08192281651998}