{"branches": 81.30968622100954, "coverage": 90.3791876303841}